,first_region,mean_corr,mean_cov_cond_exp,mean_exp_cond_corr,mean_exp_cond_cov,mean_info,mean_shuff_corr,mean_shuff_cov_cond_exp,mean_shuff_exp_cond_corr,mean_shuff_exp_cond_cov,mean_shuff_signal_corr,mean_signal_corr,num_pairs,second_region,std_corr,std_cov_conv_exp,std_exp_cond_corr,std_exp_cond_cov,std_info,std_shuff_corr,std_shuff_cov_cond_exp,std_shuff_exp_cond_corr,std_shuff_exp_cond_cov,std_shuff_signal_corr,std_signal_corr,mouse_name
0,LS,0.014688291413291414,-0.03857284028429868,0.015237579081116424,0.17567384628202642,0.08722253838422478,0.0003273579046566422,-0.0005696396445572438,-0.00017483435823682292,0.0046707571992151715,-0.0005003890764643941,0.0940411066514885,3135.0,FrMoCtx,0.1222269493230385,0.9045864500448461,0.1040561162726908,2.322504197520282,0.07634028606667356,0.027104212246441772,0.028475843778631413,0.029387509723817044,0.41544946247019665,0.026719264976635924,0.7823735555938138,Krebs
1,LS,0.02769408987746335,0.006079671078669428,0.02785009172822896,0.17522031192278253,0.06826765891953644,7.838951839103679e-05,-0.00017577525729427942,-0.00025833363424044133,-0.0009907586112110638,-0.00041519068658101406,0.11142953120781396,3363.0,CP,0.13928626383553896,0.46394242338048747,0.1280188362497307,1.3861085202578534,0.059205566183031265,0.027458853025841466,0.01452704083943552,0.028935386674502076,0.193050796827118,0.025725254637381848,0.8191574872527209,Krebs
2,LS,0.03747000395476173,0.016302771015819444,0.039048906982868836,1.1591075563267423,0.14901581228264435,0.00018080331842029225,5.075066484494896e-05,-0.0004259099626296325,0.003765403627174193,0.0006300186781884769,0.010375050938215412,3135.0,MB,0.13373238181716796,1.0745686168591668,0.1206793313884124,5.611634537722457,0.12976626586909584,0.02752203665401333,0.033959877281144385,0.028786464330689984,0.7666691017750638,0.025153317265428275,0.7612076188928034,Krebs
3,LS,0.04670057017301471,0.01820666125397491,0.048160888962835074,1.255074160083128,0.1576528157371115,0.00023800350071707024,-0.0016164377479143417,-0.0006155471966933496,-0.009218423408431238,-0.00026867352699672293,0.05159698666000919,2394.0,SC,0.17459564372747124,1.7332248892693434,0.16933770652815716,7.74867825727598,0.1436652262619554,0.02740028401848976,0.060442427166174026,0.029255847074382512,0.8641597690873384,0.026158259345408098,0.7647397873375982,Krebs
4,LS,0.028857281463499404,0.004545607483743863,0.028983005005611368,0.3612948103721848,0.08933713541707582,-0.00037985781596290146,-0.0001307946228157209,0.0007366328535574028,0.017464340060347854,7.518364635327063e-05,0.07228489175688971,3306.0,V1,0.12848475351963018,0.659228338260926,0.11804910637371763,2.544286159180373,0.08423295741107002,0.02715261586501359,0.023028183850780905,0.0287339739132826,0.4234451180531155,0.025642438664876234,0.7536297788443362,Krebs
5,LS,0.042264982285494586,0.049158569338156696,0.043964211654793785,1.000937820104093,0.13489040800319785,-0.0007534262407039886,-0.000331436064038451,-0.0003321718962652854,0.002372833596047572,-4.182511305446502e-05,-0.020618476858467752,3249.0,TH,0.16322423763433425,1.1982458040437247,0.15006872247604872,4.847936958840519,0.1179866413874152,0.027738191180881746,0.03890561370979162,0.029492033568881033,0.574332296399413,0.02527765482096957,0.7794903227540958,Krebs
6,LS,0.04743644572751648,-0.014261966899907634,0.04836909260735565,0.934942652696558,0.14005559871102133,0.00029525273945958793,0.0014276031806868543,7.953535559130518e-05,-0.0030487951686986757,6.364383800936351e-05,0.06766299953504602,3249.0,HPF,0.16471631506043122,1.5534191992973234,0.1574215159237507,5.099886154435506,0.12579305661027596,0.02781457160794217,0.044713271174615425,0.02876051357391587,0.6166065576474826,0.02315386011941699,0.6693388366892246,Krebs
7,LS,0.037924209749309615,0.034031819593573334,0.038771138918255295,0.5479692013987421,0.09571355563460258,0.0006118622067729403,-0.001478652417648546,7.880908814212085e-05,-0.003550055898983776,-0.0019655237959875353,0.04406647260400779,3135.0,SomMoCtx,0.14739365740698102,0.8299693181146582,0.13250520032375798,2.650077252159004,0.08187520585641653,0.0276667701739034,0.027541852478668548,0.029575673488267215,0.44296256168962517,0.02791058217899898,0.7509922414043338,Krebs
8,FrMoCtx,0.03398475848032354,-0.013814715289751185,0.031540709882378476,0.2875318757917334,0.07392829913317199,-0.0008340618665468146,-5.0604929063143345e-05,-0.00041299002442669414,0.0012610176288924493,0.0003240351290169566,0.3647127557310118,3245.0,CP,0.09865183945471488,0.592790684353414,0.08872148376262672,1.4505606731456202,0.06057399768839929,0.027942497882624814,0.014868589037954093,0.028675268422239046,0.30816810675751843,0.026116289914085787,0.6687679094902786,Krebs
9,FrMoCtx,0.0723697820246791,-0.04641248728501261,0.07821594041384769,2.82610816962229,0.19372040775636357,-0.00013287635168777938,-0.0005640998624450265,-0.0009416558726723285,-0.03068539029949914,0.00030929989622390826,0.01781772966082807,3025.0,MB,0.11880093895081974,1.3783161287343269,0.10698545338604869,7.574085132248645,0.18442349788158557,0.02743771442953579,0.05037155139757623,0.029472224797111472,1.285535709956803,0.024743797864547803,0.7098867706836866,Krebs
10,FrMoCtx,0.08465724013912786,0.02132281833211065,0.08623938741818973,3.203544800391351,0.18683996792698038,0.0009600853775219723,-0.0001398890039354697,0.0005566061223138371,0.05500707515970858,-0.0004867955080865097,0.172868742655201,2310.0,SC,0.1255485005843656,2.254496420308443,0.11999756957108279,9.735364945299434,0.18781785680687524,0.02772235976380147,0.0893895930155786,0.029872481487285482,1.6091791700198688,0.025249091876983216,0.6914054869421283,Krebs
11,FrMoCtx,0.03442416489765028,0.03509442273671715,0.032471293950582326,0.7897322016205583,0.10787009422148451,0.00032335287543153987,-0.00026891953208485925,0.0004071851872834272,0.0022247837554869344,-0.0005822008899645069,0.2060752580587674,3190.0,V1,0.09832934482568405,0.9031775239889247,0.09185334106542246,3.5689795293931064,0.1210631441970126,0.027834634705325604,0.03619778378381105,0.028896672899397385,0.6609695861038102,0.02573884445919254,0.6679037172794909,Krebs
12,FrMoCtx,0.03566341542391008,-0.21524098081965415,0.04500201811427672,1.4880377477841569,0.15323288627180165,-0.00020875543365252676,0.0005910235171182322,-0.00014643937826161748,-0.0049931233303488415,9.133467175258089e-05,-0.13814351848443798,3135.0,TH,0.11841355318652977,1.525069615501533,0.10757768428406479,5.538359110720421,0.14687400359707037,0.028030331891738418,0.05135997793346889,0.029278556637416308,0.9738767712836192,0.024568591940146198,0.7087386003928914,Krebs
13,FrMoCtx,0.05887267911458338,0.17120529553345623,0.05688137640734952,1.7120665961836825,0.15711124455693887,0.0008141063441316049,0.0004399131698749731,4.3663432104502954e-05,0.003508871674498884,0.00013336642585806124,0.16227578203980375,3135.0,HPF,0.11443790923306121,2.032590482290084,0.11070462142447282,5.841556702916302,0.15811403014995698,0.027895665172481307,0.07032313141197648,0.02931484468600084,1.010526515516892,0.023001496826974208,0.6007902107588428,Krebs
14,FrMoCtx,0.03357060531269274,-0.11520309775637179,0.03645287850334166,0.6701553257634347,0.11020043231291536,-0.0003455627367915497,-0.00043509317275842936,-0.00026255193397889653,-0.0024167837362953463,-2.0805142652259217e-06,0.0636606637375309,3025.0,SomMoCtx,0.11826499098016288,1.0561106798171611,0.1059887022095647,3.789062681493816,0.10724553309915749,0.02747766534843543,0.03678438260339075,0.029526577626530277,0.6224532702987582,0.027203416069129883,0.692700699479374,Krebs
15,CP,0.04823998372454417,0.008084534842909939,0.0497938738660934,1.0456523486862561,0.12168269711566633,0.0006890313032843827,-0.0003525026191484127,-0.0005604001011234495,-0.013738964450786244,0.00045797337711713166,0.023283302623609288,3245.0,MB,0.1125565651772409,0.715254292302953,0.10488980655617483,3.88762628077799,0.0995552936629523,0.027640922177718668,0.021258140876499423,0.028435925490861016,0.6181577579035364,0.025592072144719792,0.7360580859161154,Krebs
16,CP,0.06733354430652144,0.015068875981016484,0.067787496624076,1.3142496872424496,0.12089956822030301,-0.0007102853264221112,-0.0006436258661641792,-0.0005263163054275923,-0.009063357162429977,-0.00037155917666192043,0.18354874370825575,2478.0,SC,0.13365333604306714,1.1509084296675645,0.13068921879845385,5.074626535862747,0.10583350278762331,0.02780561776047826,0.038937598773989925,0.029117157163121583,0.6764116707684821,0.025408542491787953,0.717802626575948,Krebs
17,CP,0.06701408885500422,0.004842685133073623,0.06654109369596743,0.5556264269252903,0.08100650438149869,9.410315741504058e-06,-0.00019082784382177048,5.0267482662438884e-05,-0.0030951358813572486,-0.0002866363321328869,0.23034384582169937,3422.0,V1,0.11257639983174433,0.4295669900942835,0.10729824004055014,1.8707448209317656,0.06754285507306336,0.027886714178869145,0.014225765676167172,0.028993211864315478,0.3324604511582848,0.024503316064215682,0.6935136994927225,Krebs
18,CP,0.04971338320383379,0.020794777420430427,0.0526957896909415,0.8659136932339876,0.10634054284529404,-0.00021416188106793924,-0.001003713570082965,-0.000388062259816971,-0.002690061309081976,-0.00034806749644918257,-0.12936240685636388,3363.0,TH,0.13417448129239712,0.7954098012992626,0.12619135022927896,3.1737204103337544,0.0867723740548582,0.027373576412737678,0.021455674684332772,0.027927093568529692,0.4393790704017816,0.02448295328651508,0.7419884611393877,Krebs
19,CP,0.05992737823196662,-0.0010116311113372788,0.05947015185082302,0.8170601233262162,0.10724509927801978,0.00027146650874028546,0.0007232315706463991,-2.5300958506246814e-05,0.0012135146760474216,0.00021537371221116338,0.19320519858856225,3363.0,HPF,0.12740531378001682,1.0231100050401618,0.12340106154863083,3.145262627495139,0.08978144138196796,0.02687436592582327,0.02766021685852161,0.028657902550814733,0.47557562484000593,0.02276986489493032,0.6206893455116022,Krebs
20,CP,0.0522934403887195,0.017149899624895677,0.05259728914475295,0.4168976736044232,0.07863443167575916,-0.0008594155600296357,4.4412634748861065e-05,1.0742891963066941e-05,0.0008306217510349181,0.000448317177310848,0.09997846428843787,3245.0,SomMoCtx,0.11855293178035337,0.5530923323680653,0.11094166226475069,1.721950029915368,0.05941463369284833,0.02805207765471514,0.018567185795119248,0.028862664733028294,0.32435705436132223,0.026339849589353773,0.7217251421487451,Krebs
21,MB,0.13196163504675334,0.02675251799149397,0.13759233659807477,11.194720689485036,0.31683397314357475,0.00046406491979991167,0.00011569392320205951,-0.0005426087820508091,-0.0391241006561879,0.0004970811103102517,0.012061045874348452,2310.0,SC,0.15020505700570505,2.6666713667873996,0.14687774876061205,30.756347219900693,0.30088855180307167,0.02785112809486017,0.08889693644355014,0.02896970787058478,2.7131307014577613,0.02353581108652687,0.6954538034411826,Krebs
22,MB,0.04996658135383725,0.00863149224001483,0.05153651009082515,2.3274799203705654,0.18930322626632348,0.0002038495792295522,-0.0012145460773123919,0.0004584955742109327,-0.011773962038628308,-4.215231383493447e-05,0.018750426084194725,3190.0,V1,0.11550486597045616,0.9990318125527983,0.11002471727774987,9.113724486084305,0.20782548539961013,0.02764421960084804,0.037830181314224026,0.029402437695493448,1.369049023285847,0.02554030506695326,0.6724732160011007,Krebs
23,MB,0.11234102619862298,0.06307101341200276,0.11422849358617738,7.489335721856159,0.27327141409210376,-0.00033074388006654193,0.002849286670297565,0.00019981588748177066,0.0012073265594866182,0.0005900406031439088,0.0018199669856801262,3135.0,TH,0.1462623981255483,1.8427861530103768,0.138695988372241,18.498423590492525,0.2462775090636509,0.028075924536649227,0.07615176073018148,0.02895408383157619,1.7776357067883384,0.024115905967320942,0.6997342306056397,Krebs
24,MB,0.09351128411668852,-0.01533536955808803,0.09672876111528685,5.730555654328634,0.2730043620085191,-0.0007958783996465674,-0.0015951502933427958,0.0009493719715534174,0.01538076390552313,-7.941444639785005e-05,0.01877634371920713,3135.0,HPF,0.15111992947554836,2.3652394401193746,0.14673454554626691,15.905416150249573,0.26434848891821155,0.028304009077297132,0.08088371914117577,0.02856114521536027,1.9556467777829394,0.02170066114006539,0.598868194313504,Krebs
25,MB,0.06297180215454463,0.04515868956016861,0.06387876284038661,2.6542424484314515,0.18724555408968457,-0.000256135910765009,-0.0008233418615546549,-0.00043631526978618097,-0.02387332158373664,-0.0005072650123501557,0.017921738755345577,3025.0,SomMoCtx,0.12990332916958022,1.2839845757389263,0.12113650646955335,9.495041450704658,0.18324546292838928,0.027205860450765493,0.040825830432225166,0.028860276454215673,1.3827193734830758,0.025527485430494094,0.668320503918773,Krebs
26,SC,0.07819014082582883,0.047851367923633745,0.07945706337869357,3.1895932808914935,0.184713244134311,-0.00032801275453992775,9.643638838104568e-05,0.0001423746233717651,-0.03498556139129722,8.803072368434756e-05,0.11075665095619398,2436.0,V1,0.12647879025689185,1.668501902010917,0.12476850379917927,11.26692418812338,0.2061406572075463,0.027170594716517473,0.07797068476691667,0.02885745634744338,1.3608208215278423,0.025150018523739437,0.6678442863831299,Krebs
27,SC,0.12823499582182066,0.029573214124561514,0.13492070175170726,8.624464270634753,0.2671648538499785,0.00057447056379634,-0.00046091266170538884,-0.0005220114718546478,-0.012315639978397451,0.00024152780322850374,-0.06039233014693824,2394.0,TH,0.1748732795908574,2.9597040256285654,0.17208817448950822,21.605325547927148,0.25342407308345466,0.027985417233136318,0.09634023771898925,0.02901871484456811,1.7798216542953913,0.023753222048984186,0.6997243076273806,Krebs
28,SC,0.14309100787687004,0.06785356413519239,0.1469252377234573,8.319160218865614,0.2784963438926969,0.00022740261389753844,-0.0021857729982501318,0.00038190968307348487,0.05723172969488955,-0.0007208305670135304,0.09095629749418294,2394.0,HPF,0.19303501057849723,3.844137035018186,0.1947110535972452,22.080147172191882,0.2776308752205292,0.02796671934655627,0.12187421486585424,0.028963165886759602,1.9709181160385587,0.02297728344074209,0.5983139579360895,Krebs
29,SC,0.08215989306614639,0.056165169076697316,0.08434248500378443,3.281980742766866,0.1849962451696031,0.00046552977804278147,0.0022622804905124342,-0.0011460845833655845,-0.026509266550991853,0.00027449172806291055,0.05061946818005619,2310.0,SomMoCtx,0.14668573790068454,2.077167691322131,0.1426866575083336,11.7790516620216,0.18966452489917238,0.02792499003714142,0.07076958214072444,0.028688665258566243,1.309149668669824,0.026512244366561914,0.672659177990894,Krebs
30,V1,0.049307394287252754,-0.011493657726955679,0.05196597016932633,1.8477295497857926,0.1574076150419699,0.00012944943776990533,0.0010083740374852808,-0.00012153247256458635,-0.0058163902199239465,0.0007598179191518584,-0.060957527922812144,3306.0,TH,0.13930817947901875,1.1188665606976005,0.13286565722652846,7.239134155220117,0.16594364717749005,0.028083251887447223,0.0445696280027191,0.028382364192611722,0.9052724203851369,0.02428970633281241,0.6870124796663999,Krebs
31,V1,0.07094546357649849,0.05245448863869331,0.07140625225998361,2.2312948566508064,0.16304376712328297,0.0007056676953775866,0.0007530743182891437,0.0006761199378198184,0.029070885268091047,-2.775827368220566e-08,0.1279284871383101,3306.0,HPF,0.1312896596398807,1.4912872350803836,0.12813097650616206,7.368263675518352,0.1799122169234548,0.02757788976837188,0.05598701226305834,0.02861376395546761,0.9836580635884636,0.022903109286754163,0.5856473682209873,Krebs
32,V1,0.07002276836007557,0.010790164858681834,0.07104147729252643,1.3194286396630246,0.11598912220277108,0.0007016086267811508,-0.000985060659586576,-0.0005420149393563249,-0.008273604524913023,-0.0005836374346587645,0.08438694050287837,3190.0,SomMoCtx,0.13179711197320365,0.7757124412915932,0.12583033082246087,5.541221277306989,0.12293275882509816,0.028101272568032597,0.035085370377065175,0.027526407033928283,0.654912334682975,0.02627207916658732,0.6676527229445144,Krebs
33,TH,0.09517461942694266,-0.13764731084883272,0.10056679384558949,4.694347427718979,0.2341354597248313,9.155436041127594e-05,-0.00038610084864737287,-6.402540346160424e-05,0.01642580284272098,0.00016731071586823906,-0.038354553613171694,3249.0,HPF,0.17981334709019728,2.6442807885259216,0.1746713682256174,12.841871457085658,0.2244561400724799,0.02803113665216031,0.07092474467431797,0.028795804786833454,1.3179073258214808,0.021811121254432183,0.6123446100975396,Krebs
34,TH,0.06532576010372539,0.1414364245942138,0.06520535192938727,2.169775918767619,0.16207174806564204,-0.000567389269136639,0.00029192794024406597,0.0007160164644387744,0.016835752292870276,0.0005762360573080313,0.0036872448139744973,3135.0,SomMoCtx,0.15210342344932137,1.4192871239459175,0.1433045481827916,7.324118038709587,0.15485289437927918,0.028312080971267795,0.04449174092132953,0.029399165267962792,0.9609565720419139,0.026221817676264175,0.6828651357981999,Krebs
35,HPF,0.07670479804432391,-0.04959009555696892,0.0787695084875009,2.26206043731352,0.1643722306869597,0.00022880349198697113,0.0008310952195297951,0.00016804528254919584,0.002120620820329241,2.5784465872734687e-06,0.08880383698514817,3135.0,SomMoCtx,0.1469480576298889,1.8281578336144513,0.1422528638955004,7.407616445151148,0.16438951773639907,0.027710074754004294,0.057179262336385386,0.028220255284255116,1.0552363357534462,0.022671784449825632,0.5965604661800975,Krebs
36,LS,0.03946256369558077,-0.0003412749522802618,0.041946126282257946,0.36263498318771453,0.1057507232327815,0.0005599890171090883,-0.0002306132504871391,0.00011602186459051091,0.005037599299979973,-0.0009478145359128337,0.024196518695539758,1596.0,LS,0.20670428322678394,0.6829478433746273,0.18853842661297096,2.4726602890761873,0.0957636308641063,0.027631707894291885,0.020768638880602094,0.028894296261664027,0.23919728870324822,0.02690079064001799,0.8560864683057173,Krebs
37,FrMoCtx,0.08661482952303674,0.20224453214008611,0.08144288519312969,1.708159460598422,0.12628234204874791,-0.0004696096226604729,-0.0005124593098783558,0.0006782886847630846,0.0039037164422610115,-0.0007873638512075273,0.34408023957646416,1485.0,FrMoCtx,0.1311875370054587,1.0800656925681864,0.11995570710943418,6.186320199307264,0.12460600599767714,0.02847048884464888,0.03461435669937539,0.02950324859498821,0.6060446747795095,0.02468216909040685,0.6432725144354209,Krebs
38,CP,0.08178063775478597,-0.0021032459108752785,0.08096452970963898,0.2910332643993557,0.0700684421207477,0.00031510661135354955,-4.7655731896061135e-05,-0.00029449039663476443,0.0005415434016158701,0.00021127824413404644,0.38329685983607525,1711.0,CP,0.1299128318202014,0.27376261378500344,0.12426712071527954,0.9146774684556982,0.05017276415014668,0.028120432876976197,0.009578872066262673,0.0288193569160176,0.15568234810578352,0.0256759816343965,0.696759861258649,Krebs
39,MB,0.13293269359842647,-0.009500806893875075,0.13747962458011143,10.209333035748443,0.33342211031088825,0.0008914156594184136,-0.0019304831442976565,-0.0010619388839593587,-0.037998983873513345,-0.00011985670048239911,-0.007544442358217823,1485.0,MB,0.14409559268024655,1.5018596125538428,0.13651143969996551,23.92802039766148,0.2939433929669242,0.029220793201812676,0.05123545830802585,0.028062598947591545,2.6786021689043147,0.0233609512604774,0.6900034595658183,Krebs
40,SC,0.19900328365346898,-0.017392193943948253,0.20784889554093783,14.321435247136222,0.33611960100538923,0.0004158571124382855,0.008603317922286044,-0.0014047382957995246,-0.11697687269975766,0.0003177754092809373,0.07100423475634371,861.0,SC,0.205304213532903,3.5181009952580777,0.2087106111580738,32.1843781172284,0.32055745259161056,0.028060514372558364,0.22068632041518954,0.02857314397730668,2.19192082621289,0.025866901135048474,0.6912093308299204,Krebs
41,V1,0.1240581476736417,0.01270793193749913,0.1258771094497184,2.562164304886083,0.13143747839713443,0.0006572198340386192,0.00037132697822453865,-0.000898124867012056,-0.022420440151596624,-0.00019000728792446033,0.13416645570994432,1653.0,V1,0.145543810236623,0.6301761509927457,0.14249061349799738,7.706290340859824,0.15039296192308924,0.027946843673053043,0.021197916475402676,0.02881589670671758,0.632260998504225,0.024552761074819147,0.6561652396592705,Krebs
42,TH,0.13907615214915112,0.19940800954323412,0.13877263782048532,6.1690831922554965,0.23895728942071717,-0.0011297639010541213,0.0003737054940382833,2.8975363337727777e-05,0.009029923413971961,9.749742522199807e-05,0.057334578096537935,1596.0,TH,0.16508957681854727,1.958638110073717,0.15935761357531303,13.932617847507451,0.21018641290236018,0.02842836609871178,0.05745057677669298,0.02873876628415926,1.2737289275345773,0.023729851535643706,0.7086462851337514,Krebs
43,HPF,0.12118079330926157,0.11487004804105239,0.12276813822191752,5.245733147604727,0.24904968982397455,-0.0007499639979778342,-0.0031773534856679654,0.0007489034399713704,0.0004452315908626128,-0.0008926429747572134,0.10788244802888548,1596.0,HPF,0.19873907341726876,3.1682568548344134,0.19866543171860238,13.39272632012509,0.25228446669666815,0.027710710652469966,0.0803414315045209,0.028846394852979598,1.3586164912008678,0.020446539390621778,0.5224257603604687,Krebs
44,SomMoCtx,0.09909432142645405,0.08594958548717,0.10033439535943947,1.6230392167979388,0.13165596890486117,0.0006782335049668217,0.0005175689127822337,0.0011198828158168466,0.03951572905940475,0.00031241960529534036,0.09427422762802423,1485.0,SomMoCtx,0.15561548020839464,0.943114242924771,0.14601962946376687,5.08591977919324,0.12041354898502374,0.027988437331735852,0.03051214619958921,0.029444628573673474,0.6142093422056557,0.02672127881775115,0.6766155213402216,Krebs
45,LS,0.02422807800484467,0.02136705896702708,0.023614270524166776,0.21414786943413486,0.04978061759154632,-0.00022533077546258164,-0.000735715766059551,-0.00019587101748595758,-0.00683603843088836,-0.000736552211985518,0.10214689485120182,3584.0,FrMoCtx,0.0979020449285099,1.0149922511823053,0.08476084595924151,1.722216659194164,0.05267616392297492,0.020084198471864975,0.03697044850174704,0.0214093814739672,0.3170161002276845,0.01945190640091715,0.6775616284851325,Waksman
46,LS,0.046203962608122845,0.020588463767194948,0.04116362400527195,0.19177698344418387,0.06508599519972978,-0.0007298741601041282,0.0003663870658861309,0.0003983156024821255,-0.007210985557090315,-0.00034107155817217214,0.13270950942992726,728.0,CP,0.20072147381391275,1.5622807937858503,0.1509316163614211,1.8782816036890753,0.08268441834018296,0.020095883043383406,0.033398137043633785,0.022464140847964453,0.21468201751408178,0.019947555938110217,0.8323024724726171,Waksman
47,LS,-0.017927603478302655,-0.12368700125099953,-0.006686362512814885,-0.017237697890597033,0.09412403421259176,-0.00017260723794687325,-0.00020708353248467633,-0.0006214989991101672,-0.016377845379936206,-0.0005344806410133324,-0.1664573773913119,3416.0,MB,0.15880378443471943,3.1571941878101017,0.1035793649778036,3.7764326287340584,0.07526159874273491,0.019996564648430224,0.07657652299360643,0.023649528495098597,0.5840730724524963,0.019292534475158538,0.7239851865931668,Waksman
48,LS,0.0010526576247924077,-0.02308638455804846,0.003328310598797577,0.2518604484458581,0.0759345064866447,0.0005224127899037439,0.0008803989877232253,0.00013169321642771532,0.0008167031149690088,0.00013542368337470737,-0.001239460349786453,3136.0,SC,0.14971108222191457,3.299384635169566,0.11807622105031747,4.199783393647221,0.08994442090228397,0.020341400204085758,0.07681871346571786,0.022055755897479955,0.47236493477864727,0.01851142681219633,0.729968007179262,Waksman
49,LS,0.024859430610365215,0.02996645381181478,0.02245810367187476,0.24106135620828986,0.05714607503599569,-0.000481226405696383,-0.0003635772344595826,3.244591605086745e-05,0.0030907726913112616,-0.0003417676492127764,0.13002222888656956,3472.0,V1,0.11256006657082031,1.5199013414824363,0.08565844085680477,1.666800405252257,0.05529233532855626,0.020745651526539687,0.03703122515720331,0.02204389583484898,0.31320436539062046,0.018166206416332226,0.7362212588822417,Waksman
50,LS,0.016892633803402717,-0.017280945918114046,0.02170437198336415,0.4189776413111873,0.09221522297272074,5.045917040996889e-05,0.0006030832965720821,0.00023355195651695665,0.0013693002422652933,-0.00019731441081324977,-0.02083290259110681,3416.0,TH,0.16920828216449457,2.609770907993765,0.13377280940801453,3.1877694086627506,0.08902589643291377,0.020052649960244494,0.0677654129077762,0.023946771267105378,0.4604899857263446,0.018082716239608547,0.7028144794234163,Waksman
51,LS,0.020707232294044507,0.017503736160503405,0.023121217756354177,0.41354943962515917,0.08818249740117762,-8.785616434601976e-05,-0.0016166490297051072,0.000697208073735374,0.019621528651399853,5.605374929660609e-05,0.003430275899437452,3360.0,HPF,0.16912526555498553,2.3806829949281125,0.13370138307523272,3.4032401857321783,0.09169331401603988,0.019996783937866747,0.06905816077574334,0.022901092502144983,0.5061785861551414,0.01812856483509659,0.7372806260845663,Waksman
52,LS,0.014053613372329079,0.03888416932539772,0.015286241124521475,0.2838008710401332,0.06550261711785532,8.933026306745947e-06,0.0017851233992472611,-1.4527735164167032e-05,-0.005767592416680633,0.0007496229629274145,0.043869079629255944,3472.0,SomMoCtx,0.11268383787953039,1.6834089245994206,0.08193363235003615,2.4195117639237753,0.06651902863749931,0.02027599690117106,0.07253802353751808,0.023063442352150767,0.4109055018905038,0.018923023017184758,0.6621723059055455,Waksman
53,FrMoCtx,0.03334494791363434,0.0285486276705688,0.028287842189258453,0.1467907913774744,0.04356471511053352,-0.00032442319276593283,-7.42382295387596e-05,0.0009005619345464822,-0.013352264930504372,-0.0015000760302474245,0.19572092447599432,832.0,CP,0.09185834364742869,0.9530392956334912,0.0779247577259756,1.3447661637332082,0.0468970806132267,0.019987930015405855,0.035178117595152936,0.022423413176689496,0.2822525783160415,0.018959886315505468,0.7079472487769582,Waksman
54,FrMoCtx,-0.007140025624750232,-0.10768293674201376,0.0007371133453152669,0.4678537812172157,0.09231380528324798,0.00039397117789893155,-0.00208283459621381,-0.00020608207959975133,-0.006791071422900414,-0.00011792950126959167,-0.22623138840375642,3904.0,MB,0.09478803555839087,2.3735208885098826,0.079851417251004,6.637840015287617,0.1080932848943346,0.01986248041951668,0.0797104638726394,0.022199984980837886,0.8577116474045594,0.01924766621182012,0.6076505766267633,Waksman
55,FrMoCtx,0.0025046364953409833,-0.010652277718602816,0.004010575937257435,0.478893270454764,0.0689904834046728,-0.0002291455549029671,-0.0003165268650679822,-9.994478569923366e-05,0.002041688404894218,0.00012062787230659044,0.002600575042546474,3584.0,SC,0.08406673888992407,2.378748391182372,0.07561311342421141,5.374645262485105,0.10468382392332046,0.019832231754559854,0.06803061472889915,0.02138816885420176,0.6278386149409622,0.018534519014403558,0.6420395942939887,Waksman
56,FrMoCtx,0.02849061468058165,0.036460452004084556,0.026286242539371014,0.46418736728755156,0.05576858804893695,6.255863564376869e-05,-0.0010547265802624496,-0.00010870162289047508,0.006182719654250965,-0.0006179865315816127,0.1941231740381721,3968.0,V1,0.07261944908266206,1.1276913671253235,0.06663887823424249,3.328329339133169,0.07530824824157885,0.019898179149525,0.04163147216154489,0.020761324496895123,0.4506734242812579,0.019026153616380583,0.6297025410242282,Waksman
57,FrMoCtx,0.02130038326049066,-0.004826372702758001,0.02405270348635982,0.6254502918360638,0.08156409884027928,-0.00016525374894929857,0.0005879382178358737,-0.00010731766044079281,0.003875602589994847,0.00038711879450285,-0.021467424376539097,3904.0,TH,0.09543503340079545,1.9864787101331005,0.08516645022358102,4.299244111098579,0.0952631426165995,0.020082774564454516,0.06838434484832269,0.0216718825957723,0.6183580325894747,0.018175060094889933,0.6166066194112766,Waksman
58,FrMoCtx,0.019645051183317278,0.02676559474176022,0.02114310329096276,0.4876554424240617,0.07774253128209509,0.00018688233165819839,0.0003460036726872451,1.1842169239453121e-05,-0.008060068026295173,-9.210145246815956e-05,0.00910185055785527,3840.0,HPF,0.09461328511275124,1.8844602953985319,0.0857110289458991,4.54117816989296,0.10481345384979934,0.020459173721618967,0.08256930061207635,0.021826995311038214,0.744812573774133,0.018646633859152852,0.6455949659067002,Waksman
59,FrMoCtx,0.025885483783126665,0.09557185860543894,0.027430659036764914,0.9188173247090909,0.06568663684039334,0.0001487276887169695,-0.0013073129722134332,0.00018711188083131693,0.0031413353542653418,6.001206083117637e-06,0.08237887554549335,3968.0,SomMoCtx,0.08691463914962375,2.375290137069593,0.08028095253062477,6.365703691284213,0.09341170805446619,0.020082547640622055,0.11049370004119818,0.02166222573739271,0.5972822454152452,0.019241469695927542,0.5910105798518888,Waksman
60,CP,-0.050772648100647425,-0.47209644669493894,-0.006684105898840543,0.13152310571511672,0.07983992397084852,0.0002723585674111249,0.0034950714446356666,0.00031304694450223005,0.01806709456057162,0.0002987136657983135,-0.36227279528324213,793.0,MB,0.14385147400597142,3.180343794024107,0.10098686893198473,4.452242336132953,0.0739946570622336,0.019646289449004577,0.08914476558951316,0.02231280499254771,0.5883044125929519,0.019940438611615808,0.7011027049295675,Waksman
61,CP,-0.0039463661648195085,-0.15152080660686432,0.004051552113382806,0.26529045606500684,0.06843944053807043,-0.0019292900307575377,0.0018626321251215795,-0.0020610497959460904,-0.03997261775556943,0.00011743284276152476,-0.0030320492075560745,728.0,SC,0.14903114149477692,3.4387251402485774,0.11576503398880357,4.439465736460474,0.08526460953729266,0.019106645497662878,0.0795583083494513,0.021777010084645654,0.40709774140848926,0.01921270963762952,0.7833275451804802,Waksman
62,CP,0.040837760344379685,0.07253744089950347,0.028388992755227518,0.20930117775477672,0.052021903492175406,0.0009998297777936952,-0.0021506479292771863,0.0017246204337827704,0.016731397255394364,-0.0003273276698427393,0.2673680712890306,806.0,V1,0.10958086569483566,1.5450211496724442,0.08002139886389825,1.3119947695505185,0.0509621440799616,0.020041744220698744,0.030797482462004165,0.021658952895163945,0.24831849219622992,0.018986885675386637,0.7588819959943248,Waksman
63,CP,0.011880085082897325,-0.17660947439732982,0.025599901721759497,0.2649533823675904,0.08429522316307693,-0.0005641294476636618,-0.006077831883622648,0.0009635584168061171,0.02494888667660139,-0.0012614207361861737,-0.06660560220074882,793.0,TH,0.16956675268935603,2.6664091591710983,0.12825467303054555,2.900033991920618,0.08733224881272399,0.02022800140444016,0.07127139007234594,0.023528320002407465,0.40166308517491023,0.017998013974342985,0.7483796313279396,Waksman
64,CP,0.029508001626806828,-0.06857195118153082,0.03399653061045907,0.4637606679157459,0.08146369168021435,9.478001550202154e-05,-0.002081688640658499,-0.0005075100496314818,-0.03082146376177171,0.0006850424049660132,-0.011618583311171795,780.0,HPF,0.17253665498708556,2.485705911569048,0.13266206975256906,3.6825350322554438,0.0871509236801674,0.020159530247266792,0.06736736014510152,0.023021916864292825,0.5188163502918111,0.018692938453434303,0.7893539457011609,Waksman
65,CP,0.00902199715745764,-0.09892690796637894,0.014071416452611427,0.16183903427950236,0.054618185937800254,-0.0007032755856407191,-0.0038498844324900195,0.0006300518741002834,0.0014471124986015452,-0.000771603970671262,0.07268720971159134,806.0,SomMoCtx,0.10083282294963258,1.5972506146457537,0.07013898458203154,2.0414979350294913,0.05953296931760578,0.019612677162127525,0.1178893824402405,0.023229256339919756,0.3587425190021886,0.020236413874380993,0.7005927273555159,Waksman
66,MB,0.04962761144100667,1.0984246101768411,0.04352868798767218,2.642613585205429,0.13988514004142338,-0.00029394504436923327,-0.0012230652000368028,4.7534389979611866e-05,-0.00809264902655732,3.3087290543960076e-05,0.009097948358769713,3416.0,SC,0.14781692835557428,7.219782090244309,0.11308752864439382,11.251770266840968,0.1575937609076971,0.02005991658656256,0.18709638914389998,0.02236690861731169,1.1881258437430697,0.019053315752895573,0.7012450523749663,Waksman
67,MB,-0.009608228339616212,-0.4502944326489353,0.010733481655336089,0.9944140099492843,0.1090498405186477,-0.0002181704840246261,0.00015736053224840087,0.00019958743992589127,0.001852492972938334,-0.0002550122404687508,-0.3506793705785858,3782.0,V1,0.127809035625267,3.3952578718870248,0.10509166131745624,5.928792475197009,0.10868920468808514,0.020176935166927652,0.09198578031541965,0.022430475371181664,0.8948191944012259,0.018765534902815316,0.6173998890925549,Waksman
68,MB,0.08488787278809971,1.277048898887896,0.0755980896526367,3.173170817227075,0.16384691423251027,0.000245498941956731,0.0051176767205898185,-9.256545084214635e-05,-0.018916869670194156,0.00046639156694061097,0.13348482998817854,3721.0,TH,0.15603889468969515,5.782427947325096,0.1176495436116878,9.930430363244046,0.13857013581783684,0.02046999012975829,0.15191407081567945,0.023352557636445764,1.23494318545108,0.018715993567291648,0.6616019252343418,Waksman
69,MB,0.042694439286884496,0.5122625860529091,0.04499624727672979,2.4088425842985437,0.15924987341469338,0.00018766171238134854,-0.0021117328440249062,0.00010590910533526238,0.03181062047527281,0.00022059747384753058,0.044420660820754215,3660.0,HPF,0.1699239180668144,5.212738422216303,0.1326172519364651,10.279250645547213,0.156186482980472,0.020407105225850746,0.16945731058072708,0.023379595066567057,1.4615461125582139,0.019167663722845164,0.7033870765969418,Waksman
70,MB,0.024844930585150374,0.9732850863168582,0.016675458646819102,0.930787670498087,0.1262676334564006,-0.00018433856000776632,0.0005246386319467082,-0.0001618419590811136,-0.006380101709151286,0.00020782055063500658,-0.0434750697746887,3782.0,SomMoCtx,0.13708330076148115,4.064928004619672,0.09385364566315109,5.699579108727808,0.12652965039350042,0.019942956079191644,0.16865847036245965,0.02268011486591584,1.1884152335589597,0.019090856202496283,0.656325560077488,Waksman
71,SC,0.005778965673269049,-0.13042723362150577,0.009663794189101745,0.6247931196777273,0.08107837471794317,0.00030769389585600114,0.0020708005274243323,4.866454709454192e-05,0.0019967407227488767,0.00021969527482224472,-0.0004761267056245141,3472.0,V1,0.10807765697966662,3.497746609695585,0.09262364623012545,5.325670423399383,0.10944169512500723,0.020038056702159395,0.09199593176645858,0.021397548243092288,0.6700510203950516,0.01796276745576709,0.6992228077148815,Waksman
72,SC,0.0316620513630895,0.45696964014620395,0.03213174293532338,2.095291930134735,0.11957994385870645,9.552648445675511e-05,-0.0025468153646375797,0.00039556765229127843,0.018311058684584682,-0.0007517179771322413,0.005694817454314209,3416.0,TH,0.14333950191412928,5.982302640484269,0.12141936075828806,9.466872642889163,0.14141754946670446,0.02001097181370413,0.14643608204778738,0.022621503942186826,0.9853629931600056,0.018417777486048333,0.6576133346887917,Waksman
73,SC,0.019373495931064823,0.2104375888855835,0.021051407995462183,1.581125262181661,0.1171467623893489,0.00014325976763569957,0.006263363065964832,-0.0003382598192835973,-0.019458695021828808,0.0010320567528915886,0.0029536844846368127,3360.0,HPF,0.14829813409517226,5.363192653914852,0.12823331051958448,11.084819893314979,0.15500500695872416,0.020139147969827534,0.14967280229336752,0.02205530148879395,1.101733152852395,0.01811791217440563,0.6894894413336132,Waksman
74,SC,0.014387319908713525,0.42564109799316185,0.013550900809346785,1.0625724028466261,0.09210515415934081,-0.00014340615948939825,0.0017539836859837103,-0.00016082293510593623,-0.00980542169659438,0.00030439986816587937,0.009794219349362535,3472.0,SomMoCtx,0.10812360592201474,4.019715006588534,0.08771975653746912,8.133095248756346,0.1278021901899706,0.019829254770196904,0.1724741803241434,0.022161217702014898,0.8837745604847331,0.018534431760974152,0.6317187924901291,Waksman
75,V1,0.016040835136787036,-0.14558242172852626,0.022256645259297613,0.8610696313635464,0.09403291538770306,1.5331463386312475e-05,2.727039203482355e-05,0.0001323810156678898,-0.007383388389721599,0.00013597105608315185,-0.059955022001433586,3782.0,TH,0.1168899015427937,2.8001834845576594,0.10003567300230987,4.894272070666075,0.0986468478212496,0.01995858381320141,0.07390113069410396,0.021566047423410197,0.6654680400683644,0.01802478854195642,0.6674449890651584,Waksman
76,V1,0.023204314481741425,-0.03686721337678623,0.025725357223504268,0.8994500725048039,0.0929433764704645,0.0006800846988940352,0.002084635241252281,0.00011387299848050577,0.004164049076423055,0.000455302565092941,-0.008340956587006685,3720.0,HPF,0.12243368942977187,2.5066671774785627,0.10597919565417235,5.435780025326111,0.10982230509452988,0.020171245237309076,0.06470992198807454,0.021827548760349917,0.8164528015284133,0.017621758273385836,0.7034082008197386,Waksman
77,V1,0.020688304474875727,-0.046390298944526925,0.02398166586137112,0.7525792392335153,0.07222904851502401,-0.00013800057711855782,-0.00016592769069856303,0.000466733379810302,-0.005686739378521566,0.0003858525948325035,0.07930802486282876,3844.0,SomMoCtx,0.08636749022488356,1.8935554129920904,0.07483552614416185,4.260017399228095,0.08866465232708452,0.020288215171322774,0.07126012930609044,0.0220386782067421,0.6412095059756571,0.018812041869023532,0.6327898545161985,Waksman
78,TH,0.041876828563844753,0.2980220036074855,0.04502359262082818,1.9995922839240847,0.1365680350955359,0.0001534631129767354,-0.0009894110288413752,-0.00022943736236078727,-0.009038418722028372,-0.0004970685048418975,0.027633039257496897,3660.0,HPF,0.15564890044304489,4.406603482653842,0.13140261820699828,8.159391776248484,0.14087081126530152,0.020428478589446904,0.12102498966252453,0.022708780274970135,1.0245350231912818,0.017360134134932384,0.6630658636132807,Waksman
79,TH,0.031066931762223682,0.55062163681278,0.029178780083719238,1.3129672382479913,0.10854357870290539,-0.0011109197741467223,0.00034943874089565167,-0.00018747580082531892,-0.006809748914357364,-0.00010965851582183456,0.02573815504635716,3782.0,SomMoCtx,0.12100587076327447,3.5183151858367774,0.0978537850146308,5.872582834809777,0.11704179714370094,0.01964726315379947,0.13198022018446598,0.02260412993363091,0.8567190563835246,0.01872700955225276,0.6066151707384198,Waksman
80,HPF,0.01896397599060373,0.36585139271010825,0.019188979630672235,0.8862041001031268,0.1014814862532162,1.55219272037769e-05,-0.0005849156531620693,0.0004689949405354673,0.016583769256171003,-6.180217628468863e-05,0.023658194665389935,3720.0,SomMoCtx,0.11411699068156063,3.4386598503616144,0.09389623092381552,6.271367668027339,0.1237821824507899,0.020257952905858974,0.13608258938069523,0.02230855362191339,0.9211618905102438,0.018395660562771424,0.6318956429857667,Waksman
81,LS,0.02644488523901657,-0.011459433751738003,0.027593923175282583,0.16839593232551392,0.06959588650350292,0.0006370347240066867,-0.00045919983187298194,0.0005495053649813194,0.006660955133592172,-0.0008576637087944898,0.054528987644025764,1540.0,LS,0.19497452343412217,1.4278353105590325,0.15158601856960685,1.6977420399555432,0.08000790226344089,0.020146805636000225,0.030855599431443476,0.02287388712605956,0.21080951582984506,0.01882068727807512,0.7809746651163505,Waksman
82,FrMoCtx,0.03321984452035714,0.004994049757528189,0.03289144820585983,0.4244131669554104,0.050004978043915294,-0.0002476270301989002,-0.00013354439425948737,0.0004748017001429514,0.006747231970385374,-0.0005984056067156738,0.14206711585826626,2016.0,FrMoCtx,0.07632603541286949,0.862775413759292,0.07384735311131072,3.6816012340673954,0.0723392311397312,0.020350648238899226,0.025053932644614273,0.02111910421095692,0.4613720464051905,0.018933271043187087,0.595929282127796,Waksman
83,CP,0.09312160913417677,-0.060888951004090724,0.07134526833979458,0.18205002912231866,0.07964667163306721,0.001988421344937848,-0.0019270608029786128,-0.009133964627357391,-0.04175293636763002,-1.4159656815665392e-05,0.21715846497485317,78.0,CP,0.24444463452984766,1.2438320090860358,0.20779096121285012,1.9546339692803232,0.1013728132389571,0.020100759854692465,0.03010001511832618,0.02689614798565053,0.24092421337013642,0.020347859419775124,0.8814354250946425,Waksman
84,MB,0.19908136576315658,3.353948679846008,0.1510069243655634,6.370108574188535,0.22215307910960236,0.00032869256355688015,-0.007414530666311472,9.828770647114842e-05,0.019412453532151517,-0.0005391290334412846,0.5554775656935919,1830.0,MB,0.14335039155251672,6.163094518886592,0.11181052944329573,13.521772802836077,0.15848464290821704,0.02014571076610352,0.17435217270435419,0.023508896587044158,1.6193909700558826,0.018886139169797388,0.4798329403337595,Waksman
85,SC,0.030284323820361714,0.24042021532789598,0.03253487393572675,1.8506801181731358,0.10957502789560672,-0.0005189402218707304,0.002820363161225586,0.0001793805269145341,-0.0071863624399595896,5.981598860058009e-05,-0.012719949033721987,1540.0,SC,0.14728513921007086,6.372626763184543,0.13178568842933092,11.57385443357728,0.16815047917873172,0.02022058317902708,0.17282494992766487,0.02170242692435391,0.8769450378118123,0.017899069290552558,0.682517873229056,Waksman
86,V1,0.06317516536139178,0.051142903397597,0.05983956251635625,1.1751420750136092,0.07273649189444403,5.585646648992084e-05,-0.0005754352578302117,0.0002644375024720552,0.00026062430138364064,0.00011926808762442891,0.2539934408233324,1891.0,V1,0.11066049273307092,1.5119974045346867,0.10424805002489233,5.02050870959471,0.08319073907114209,0.0199652875849494,0.02505082353363921,0.02111849917584482,0.3967896336823813,0.018220295684740876,0.668471390075148,Waksman
87,TH,0.07662749304167364,0.4800189471845855,0.0798407843972955,3.2261427553259154,0.14745345181409503,-0.00022764371735614408,-0.00014110805065673605,0.00030600854374046376,0.019217413443952672,1.721836200526677e-05,0.04093816399833992,1830.0,TH,0.16517800789026754,4.675418086910098,0.1442813649594113,8.709082544239749,0.13244491243862874,0.020175725117661657,0.13295471346202983,0.023529916196026398,0.9013307233346225,0.018191110485451766,0.6285035918431677,Waksman
88,HPF,0.03562484047420125,0.11688736105748558,0.03987692025129456,1.9016726602161649,0.13544681807852466,-0.00012130714028190816,0.001720899515702203,0.0006539636742963319,-0.02419870331731681,-0.0002920407067961963,0.0019784427144201432,1770.0,HPF,0.16607504198904824,3.9211174982933503,0.1447253505078633,9.535734241063471,0.16050908941665687,0.020069461330452718,0.11733610125176794,0.022581779345419124,1.1966408767140704,0.01737403547451666,0.6905802051014653,Waksman
89,SomMoCtx,0.041384323954763554,0.7694188141528138,0.03935214360741675,1.853561028418131,0.09185682822025254,0.0005883305175130716,0.005037464073232228,-0.0006223820276867855,-0.01658810058315055,0.0008074828164848374,0.06513501900874638,1891.0,SomMoCtx,0.12455213172390558,4.5290822637751145,0.1048320857375354,8.98604897190983,0.11758531969764026,0.020398450204565894,0.1349479308630775,0.022386262111514853,0.7966628395912209,0.01891641630645802,0.5951558081313686,Waksman
90,LS,0.04701733983570987,0.33152537263358,0.034485602368820575,0.4521142602789516,0.05325953366634829,-0.0006343759729643614,-0.00018059996608337975,-0.00022879998723144242,-0.0048588065444466755,0.0004812809397655081,0.1685421152942055,3363.0,FrMoCtx,0.11857345771806542,1.510535810821316,0.09179406448699003,1.488581688447792,0.056157447323648184,0.02121610115617133,0.03916091344435688,0.0234603825787994,0.2714634389600325,0.02126594335996743,0.7404514982040854,Robbins
91,LS,0.0449979881686157,0.16546273782648782,0.0376547602638746,0.4577665863426818,0.05016684010757743,0.00024073457238251795,0.00023313884524633273,-0.0004438009116640378,-0.004331991648104592,0.0006775872076889351,0.1339012374377817,3192.0,CP,0.11208992281821172,0.829524112132899,0.0916754219554652,1.3392997706118517,0.04336334148086236,0.02104858140630865,0.022666110502265236,0.022915240630464632,0.23305935243947085,0.020235869825807207,0.6889697921452085,Robbins
92,LS,0.06246342697616206,0.4556376135219859,0.04311468549543004,0.6730723778048553,0.07264742364252376,0.00019539257832976593,-0.00011619916870666037,-9.70548682848718e-05,0.009613563356076727,8.852897327667471e-05,0.30984656575682723,3420.0,MB,0.12358182331780414,1.4255526617208438,0.09336985039808784,2.046405910395634,0.05997163676999895,0.02098783602324743,0.03964256210746138,0.02400076711788983,0.38961427357252787,0.02065262969541554,0.7270898880682843,Robbins
93,LS,0.008644863568605136,0.3234174311670243,0.0016518430592864558,-0.34820570183169036,0.10646950395178914,0.0005744923894748353,0.0019173443299889484,-7.401695330304529e-05,-0.00026660247484875185,-8.450101856174624e-05,0.06130958525541827,1311.0,SC,0.13036332427074632,2.0131083485006873,0.12456402280205435,3.7376511384798508,0.08757170883514237,0.021003338325414907,0.0763135179273842,0.0237113596639978,0.607956318093304,0.020441837263849075,0.5750678084811861,Robbins
94,LS,0.03878035658179863,0.34338218670474113,0.029280758056596655,0.5834163373059232,0.07442213519665646,0.0011790485455102466,-0.00028789624093580234,-0.0007315605148073806,-0.011953081719858987,0.0006178899952221069,0.1034394205072186,3135.0,V1,0.12777053888780515,1.6461962303704096,0.10454238840391765,2.6758010376946775,0.06802692891875096,0.021503961115970943,0.04711697932766575,0.023440023001853657,0.42108529845167586,0.020411593006896225,0.7517571886903223,Robbins
95,LS,0.06831782137451349,0.7971657820180901,0.0454836856771682,0.9892937770266343,0.08721636051091207,-0.00015377239145304168,0.001068059610146648,0.0004467486831185461,0.006017104322992293,-0.00013034903378218276,0.26834328976556127,3477.0,TH,0.1361809027809695,2.8294858519027533,0.10230234723703277,2.8454796533805617,0.07715497699632498,0.02088850656638038,0.08494016402751538,0.025483494554214864,0.46146021365468426,0.020265501913944422,0.6430862480815953,Robbins
96,LS,0.06593271955492604,0.8858159151496138,0.04236485451149717,0.8426675740731644,0.10072032400147479,-2.397659814842083e-05,7.094623857052738e-05,0.0005724090915715569,-0.001853282865131996,-0.0003855373644126883,0.34074645301072226,3705.0,HPF,0.1353358914971175,4.461971466499439,0.09967283266615844,3.1329491093525417,0.0954368749170321,0.02112339890073352,0.11683669718843827,0.024955545486350615,0.6319859079962923,0.0211765731049055,0.6988292154928806,Robbins
97,LS,0.040156298189666435,0.4280108668813763,0.02892234585959115,0.5668142748789464,0.0700398388570732,-0.000678545351505971,0.0013539647379308376,-0.00025823036877389686,-0.008751382908189049,0.0005777208434085096,0.0909808606708454,3363.0,SomMoCtx,0.11802995121818696,3.1781872224936683,0.08972186278762763,3.046124156740071,0.08431332212328183,0.021297729607871598,0.06750283168992875,0.02445423353137937,0.4335760116256359,0.020098530204561198,0.7463245571344758,Robbins
98,FrMoCtx,0.04562036511101084,0.40742906827861763,0.03409714989604941,0.5072716436933696,0.06501059456671501,-0.00026178656476327853,0.0008023657247746813,0.00016889260792822894,-0.0007781909219912121,1.2466628349885975e-05,0.11634719042804972,3304.0,CP,0.12638413109426752,1.6503990893301324,0.0989340127995766,1.7274062974705355,0.06063915880539276,0.021295768038510413,0.04928505126773796,0.024052194792236567,0.33817642392664066,0.02020230653500434,0.6772911904462338,Robbins
99,FrMoCtx,0.07080925271650199,1.110421519732799,0.04169371353895451,0.8504512445729084,0.09446044549081095,0.00040756908549220944,0.0003941799582092411,-0.0005021709080224483,-0.014293371812940664,-0.000211139043288128,0.27112054952260356,3540.0,MB,0.14194816206483554,2.7714801576284116,0.10258173284090136,2.717220836894889,0.08534036254998119,0.021297762618108906,0.08104061687649923,0.024608909234600226,0.5317185524688554,0.020983911906078727,0.718755274664484,Robbins
100,FrMoCtx,0.04283317373811745,0.788601269135607,0.03481809218553107,0.4606946633888124,0.1424713669739189,-0.0003371673150388746,0.003008033014401058,0.000616534266980285,0.04518375208079581,0.0004252472530946584,0.07610548959111668,1357.0,SC,0.15247292876987192,4.1406749758294605,0.14325181960058225,5.678424652178508,0.1321799317220044,0.021661514842243292,0.16947583210528452,0.02419724298721349,0.9502581547612773,0.020438048077573753,0.5784309267890799,Robbins
101,FrMoCtx,0.04988369518202081,0.8342038865636142,0.03640318341676889,0.9347991275792376,0.09652063017735298,0.000703540346621446,0.0009929006280401643,0.0008955371537395971,0.020584027151627743,0.00033542558091628115,0.09484750661673604,3245.0,V1,0.14174775951518512,3.253365711150816,0.11168850321943827,3.4464373769617445,0.09779025898594716,0.021206266954564647,0.0991020986262955,0.02413953973659565,0.5494330263779451,0.02059719486862852,0.7325388816074568,Robbins
102,FrMoCtx,0.08437531842828626,1.96462783655997,0.04797692855036526,1.3528563199489436,0.11452543052289713,0.00022809492341710502,-1.5118612446365352e-05,-0.0002405499929081101,-0.006167350655971902,-7.618780718571671e-05,0.2430075098777113,3599.0,TH,0.15942105427626072,5.6145473045809275,0.11208336669289289,4.283950185069344,0.11268534253421712,0.021382953474042118,0.14816128391158523,0.02686457199479451,0.720108726875434,0.020663545921387846,0.640716367757813,Robbins
103,FrMoCtx,0.08381013525157407,2.185963789152154,0.04834291371261442,1.2636849899491611,0.13002779880217455,-2.701558994258958e-05,0.00214738127788211,0.0005706833615846869,0.0008410036020164517,-0.00016250774443045385,0.30004364539762435,3835.0,HPF,0.15644224745012442,9.136853355722154,0.10845114847502196,4.465785748536234,0.1342256569624442,0.02144104560787224,0.22712345150301383,0.026847317867712394,0.9573477397994703,0.020907069679700283,0.6937570966493708,Robbins
104,FrMoCtx,0.05483824491252077,1.0719791459132444,0.03692991922762713,0.8502528421403921,0.09011639263126955,0.0001306895768503705,-0.0013537112491291056,-0.0003843076586758929,-0.004453583860252261,0.00020757783695602252,0.08705142304123617,3481.0,SomMoCtx,0.13701440104961118,6.4537346873754915,0.09837631703031385,4.0735515160095765,0.11761879367166601,0.02125530210975351,0.13198296259618508,0.024808765111101975,0.7150055089864685,0.020485335959884447,0.7263464744177994,Robbins
105,CP,0.06574375481635276,0.5616594073009482,0.04887326638387944,0.8862640323560327,0.09044766482215323,0.0002235752562279275,0.0005729575468435425,-0.0005866773071720801,-0.0037587641188560634,-0.00020707813600763492,0.21812219174815003,3360.0,MB,0.13469372054163672,1.5453499519102785,0.10416288008082444,2.575842414211936,0.06519696312925431,0.021533004460794578,0.04432064887456716,0.02352732662572638,0.469111424336813,0.020550976380756685,0.6769141246455898,Robbins
106,CP,0.01970518398995192,0.3002632037801516,0.015323652995692343,-0.48890589854637334,0.14221325207230104,0.00047136755697789354,-0.00040892796798843123,0.00015910277447727725,0.006715684917068376,0.00033845056231986083,0.02455146041345102,1288.0,SC,0.17249393294624676,2.2203653139938275,0.17160527443578516,6.414517097419802,0.10257431270489811,0.021314617329532257,0.08644457071442857,0.024032939349761577,0.7637734003666702,0.020417373401123685,0.5398921135029076,Robbins
107,CP,0.04136456735595771,0.40636693708177757,0.03347334212468231,0.7276126247819334,0.09385526737950786,-0.00024811563815011655,0.0009445127046636964,-0.0007217608974249051,-0.019496479411794467,0.0007158423271530664,0.06927184920692192,3080.0,V1,0.1421738005862462,1.8076536763047575,0.12062849206881701,3.598808521868473,0.07704013240468273,0.02114545701544506,0.05548579536526668,0.022953117588709233,0.4563969457423245,0.02001549253773741,0.6806147800236764,Robbins
108,CP,0.06825547867866716,0.9825929035182445,0.0483000734938676,1.25932427480441,0.10717731814177513,-0.0001759275233019398,-0.001185455823200019,-6.544479178864452e-05,0.0019874863762876717,-0.0005875456684803779,0.1859756692655865,3416.0,TH,0.14731952108733248,3.0990885926681457,0.11213253427782403,3.324479485306069,0.08554148830548164,0.021035164369920152,0.08831432849136547,0.025531970561961725,0.6123163229830717,0.019321558252377743,0.6050749290518558,Robbins
109,CP,0.06631147350822456,1.0784847028023958,0.04558592875643963,1.0091333088906496,0.12292853919546165,-0.0003140100299968227,0.00021151705661947114,-0.000280754835912975,-0.0060985430281240835,0.00020595492037925144,0.23964527368748909,3640.0,HPF,0.14368003386915768,4.831037703584381,0.10890772018055496,3.5210905368816654,0.105251011848838,0.021682544744688212,0.14545368350751567,0.02545956997751326,0.7743808601549897,0.019653807925659163,0.6565409536143727,Robbins
110,CP,0.0373162832565345,0.5211063450656788,0.027050685225841455,0.6115677090444449,0.08457821873595253,0.00019519326259524904,-0.00019838206148883815,6.187290426560641e-05,-0.0035571090317806056,0.0006437280948416867,0.06141968987472108,3304.0,SomMoCtx,0.12104436958219598,3.4901756874667145,0.09491948606722656,3.2335721472819823,0.09463744600835218,0.021808972815565462,0.099942212331912,0.024785153484008695,0.6006860784833888,0.020045172257808306,0.6724952311643586,Robbins
111,MB,-0.00912156855963392,0.9406100039774237,-0.022676322742525457,-0.9203974354447364,0.19718264243383932,0.000675643382729702,0.002247925056429759,-0.0003358607958337655,-0.010888575643960842,0.001437382183751873,0.04579632345877366,1380.0,SC,0.158942502945429,3.765625035469855,0.1494620791094736,11.266388865269322,0.14830948486722634,0.021314992318042496,0.14178748662545199,0.02384766941236883,1.1805941458815743,0.02135806048980699,0.5869587410958145,Robbins
112,MB,0.06468715815062048,1.1435294104340288,0.044436220633175,1.3293955935084845,0.13528539628310715,0.00039998399355730215,-0.00018822957844581302,0.0005509694176045677,0.0018001934957635319,0.00037588733886159817,0.16065304244687664,3300.0,V1,0.15010893744666376,3.0843721130026256,0.11600806620210952,5.414136598064002,0.10864912512697861,0.0216284215142293,0.09492856747624717,0.024141835092600854,0.7876000858723126,0.020926124532146692,0.7493502815917221,Robbins
113,MB,0.12823365680227244,2.67929899586234,0.07881517132242619,2.3243084803284533,0.16321389470677783,0.00018384953627137798,-0.002709821905616895,-0.00016530380778661025,-0.012105509012107215,-0.00042528187506357825,0.4366502862142161,3660.0,TH,0.16168121342217542,5.010736058796308,0.12136254729733537,5.141875027799773,0.12000650266244386,0.02140825661397093,0.1394857365297273,0.02561098956996376,0.9216898777545482,0.02046653547749978,0.5561181018328931,Robbins
114,MB,0.12781864767982423,2.989471269316106,0.0759756631513292,2.0791982338248687,0.18589367466281478,-0.00037911247122542817,-0.006515149894719615,0.00016446596654183274,0.013954277747478688,-0.0002958007890008936,0.5566111116483333,3900.0,HPF,0.15568461799081537,8.284416251445057,0.1163859884521048,6.397965754782151,0.14884703682033407,0.021405527329097607,0.24198305702973089,0.02602661659388795,1.2660738437880013,0.02092281450278116,0.55280505140217,Robbins
115,MB,0.05534869802101507,1.4241920717770953,0.028823640767701338,1.090600017819977,0.12252110193383088,0.00016004792812851655,0.0010950536053459762,0.000393783428308578,0.012938038695319275,0.00064565474555256,0.14052412344669485,3540.0,SomMoCtx,0.1440890892549538,6.053210314185668,0.10428690965250105,5.494268613702038,0.13588047093033195,0.02191480934659194,0.1402741444190247,0.02501632077807827,0.952093127689838,0.020530198327168396,0.7447608543324048,Robbins
116,SC,0.050096813052922615,1.3215661304230972,0.042890452747053644,2.882188761643415,0.23205825697710766,0.000544637454914459,0.003776771813522351,0.0006544991947400819,0.029157475446608905,-0.0003953004613505285,0.08433746080604382,1265.0,V1,0.22940188258625588,4.893930419069352,0.22966899138615393,21.203941034175173,0.2262366917042587,0.02159120038443502,0.17428316139372743,0.02259913213831089,1.2598907710427776,0.02063077889361009,0.5829409806083997,Robbins
117,SC,0.022765554094653445,1.8889691904647965,0.0028920923330015788,-0.7724349793786072,0.2301020914918154,-0.0013665373750051406,-0.0054293166227630035,-0.0007688559824518844,-0.03818648329000729,0.00031270131821715177,0.08707937248066563,1403.0,TH,0.17089432878051752,7.752184610760115,0.15609682220305518,9.829172889463724,0.17892021509036604,0.021263591167218418,0.2745147648230177,0.025432124887710156,1.5038985925183064,0.020725242660224547,0.539235330738471,Robbins
118,SC,0.021498925308039044,2.4333530198849895,0.011794872898788727,1.8329882798681507,0.270398637008257,-0.00023582420647229535,0.009731199061214727,-0.0008526763002508701,-0.10951708633154635,0.000108353460530598,0.08270178280973794,1495.0,HPF,0.18627421888960508,12.511585072991698,0.1767793241232958,17.85403627954314,0.24331040112720156,0.02165822686777251,0.3910106726741982,0.02536681984353776,1.9826977363402478,0.021247313073207676,0.5812169812985944,Robbins
119,SC,0.06979065726204013,1.2042554504993703,0.06421182201266666,1.6560289144201217,0.19085631193104022,0.0008142692716544572,-0.0018612488360423602,-0.0012769629313507016,-0.06091604274532632,-0.0001064196133915269,0.07693048420371922,1357.0,SomMoCtx,0.15093682601245603,8.29421958195071,0.1419278303582829,10.632452671778486,0.21482024394647514,0.021463789539613302,0.2809163728792965,0.024803324966835988,1.5854069105308932,0.02051978062417887,0.5607902151084618,Robbins
120,V1,0.07868568169354272,2.002636336462164,0.05607251801826082,2.235439846430146,0.1631918421438312,0.00029943680301486373,0.0040496667317812644,-0.0003976016601875268,-0.012599335819675197,0.0002660055157468044,0.14568288873844332,3355.0,TH,0.16475118449298817,6.079252911612391,0.1262460543501476,6.851061482668293,0.14025596447332855,0.021536649788948217,0.18554804594772023,0.025569163808495055,0.9411149801319793,0.019750951381423333,0.6624158597915122,Robbins
121,V1,0.07959101446086575,2.292313846858885,0.05657712575482145,2.252369389869804,0.18671953724559834,1.5845127482724753e-05,0.002761829727922548,0.00012222206936906646,0.015223667325168442,0.00047375614621505486,0.18119716736368952,3575.0,HPF,0.16544176482270273,9.678318557041598,0.12694562426100553,8.654102990242322,0.17061569723269088,0.021346298788150753,0.23987377580711733,0.025456304014917545,1.2841432071937378,0.020415080240062857,0.7318996815671693,Robbins
122,V1,0.04543790528530213,1.0991173655169835,0.03365020067547101,1.3097943341099774,0.12425619988467551,0.00010386656372741506,0.0037270034257324176,-0.0003097079116842526,-0.0075896578921419424,-9.328731408577944e-05,0.05663028901078366,3245.0,SomMoCtx,0.139333320165113,6.881851836398177,0.10946210610450863,7.1548716144749696,0.15068879733779691,0.020758450593145364,0.23220572089923555,0.02472128342972441,1.0497791370191967,0.020134319916672378,0.7256749201255805,Robbins
123,TH,0.14908101734468596,5.224718904216268,0.08681770373481457,3.0416715347533816,0.2264023833558717,-0.0004619088287743889,0.0062183774709433665,-0.0005244424374425814,-0.02116321001679698,0.0006094030397992134,0.4797113392888831,3965.0,HPF,0.18163378897909083,16.648741828100334,0.1361444139594808,9.165090217445659,0.1863946126328498,0.021395562413998877,0.3842345133773719,0.028447269058858467,1.5355563333249673,0.019899489442276565,0.5038304350896687,Robbins
124,TH,0.07406497511891262,2.5493147963662177,0.040512452327706124,1.80731801546829,0.14797847137655532,-5.00911649651003e-05,-0.004731340068589918,0.0004107189677407505,0.016246068567452348,-0.0006679771281708972,0.1318974376529717,3599.0,SomMoCtx,0.16807976817242545,11.984657249514997,0.11924609542574627,8.263587019264689,0.1699350233690854,0.021654920849694635,0.35200952080772535,0.026704671804780512,1.157414736235895,0.020081666643090103,0.6603916032102468,Robbins
125,HPF,0.07509070133563908,2.8546199577252827,0.04494313446235713,1.9362381360538237,0.16897927513072697,-0.0002762678190675475,0.00492905250853409,-0.00028303147312100596,0.0002667435171638691,0.00043672952885641744,0.15832996544344013,3835.0,SomMoCtx,0.16953030083624196,18.888448313862295,0.11848568768085323,10.708125883263207,0.20506238902089313,0.020707772472823065,0.3271112020241323,0.027668803654909948,1.4695282974328288,0.02042293267479224,0.7307241831257957,Robbins
126,LS,0.050922611195004505,0.12194135667277686,0.04389154777699553,0.40626868472005406,0.04199137889664231,-0.0006442747891591283,6.237259749586511e-05,-0.00011615066446883548,-0.002930365196105438,0.00025698305110999066,0.17774412884132823,1596.0,LS,0.10638919127173095,0.696670743382629,0.08585493390974093,1.09446381908738,0.041411835868475126,0.02182585320533898,0.01618539506194241,0.022772220894330057,0.19615436369995096,0.020518612851526775,0.7647661580392164,Robbins
127,FrMoCtx,0.05599321192668545,0.7709696189890046,0.037184717900995694,0.5765408557061231,0.06865400636029527,0.0005561629280888975,0.00016356073413344226,-0.0006611888093342369,0.002646888105593791,-0.0009003642750553335,0.13868006818083004,1711.0,FrMoCtx,0.13411944720958996,2.841910465709261,0.0978015437622961,1.8992958671639002,0.0760911492345108,0.021588362461243453,0.07760575329320224,0.025126755474633767,0.4222078299521337,0.0200030075599483,0.7268351849409294,Robbins
128,CP,0.04634026965315131,0.18956168464000073,0.041077972733819766,0.5823977721240475,0.06385393269525322,0.0002895716740420757,-0.00011349632686804714,0.00033197348965493433,0.005067184345427723,-1.1874569504767308e-05,0.08030710796400939,1540.0,CP,0.12517052718538416,0.8869661089704478,0.10583263214354521,1.7285535353390058,0.0479852858344641,0.02148965151739751,0.028256692574811778,0.023300319188014524,0.27312171094641463,0.02012452787841734,0.6288131833954385,Robbins
129,MB,0.12820923617081137,1.5284298806388223,0.08903015164429186,1.981117861202787,0.1436256129264662,0.0003032893614582877,-0.0012184023136949092,0.00010642514792527398,0.01633646437404265,-0.00015133752869227258,0.5026402106432191,1770.0,MB,0.15426298644904068,2.43320685782574,0.12156910453495098,4.5671829548537515,0.09961486931387711,0.021919512204394323,0.07992310159061561,0.02342117558244507,0.6534564273371579,0.021377998349286137,0.6169481660921298,Robbins
130,SC,0.3352586319902402,4.189151716397303,0.3398003435552414,30.682283325743096,0.5420440378500341,0.0006923531079409407,-0.005784880564323218,0.00044294567498044,0.0534334221662174,-0.0009259025184177926,0.3777423211702479,253.0,SC,0.38492499718900647,7.172370938750183,0.39671648741129684,48.22943619910966,0.443203619398455,0.022281102480800796,0.2888075953149357,0.02452768350980801,2.1403395584067346,0.022709938391341514,0.49522975213582165,Robbins
131,V1,0.05443827738830804,0.8702890946905663,0.04648840243986162,1.7702693043769875,0.15075798749208155,-0.00023499099742708052,-0.001047814708543111,0.00025685308898240107,0.0007676427974443142,-0.00024107830129240697,0.04771776267632561,1485.0,V1,0.17429643428925573,3.5219288437873937,0.151945410492425,9.071337803957094,0.14330564689133876,0.021204961101512203,0.09306272398079751,0.024219099673496832,0.8975682779451682,0.020279070494954622,0.7340725912044334,Robbins
132,TH,0.15333251335344605,4.62762504906854,0.09367125278723551,3.6687231348926326,0.20466071235946476,-0.00019457321958804013,-0.008881875225849078,-0.00034206069445575157,-0.02716347232942683,-0.00040261455108368496,0.38365569751175804,1830.0,TH,0.18873986610859966,9.853906261101642,0.14420437108919193,8.12934247236751,0.16043014054262159,0.020882360889047054,0.2807130028052199,0.027839960752042245,1.1149141561400107,0.01968996924431831,0.5069028883691261,Robbins
133,HPF,0.14930671242810986,5.508882169971297,0.08814268618322789,3.2307648033081824,0.25546663319404284,-0.0007350948282647785,0.002843636161237145,0.00016645458265405263,0.00664674495306387,0.001234786048392489,0.6059447309308097,2080.0,HPF,0.18000523303044905,22.028260406259385,0.13550057563382414,13.220186929506683,0.22293895362288466,0.021091382282798124,0.4776002377796032,0.028897079995655696,1.9969477914804599,0.020817866312906726,0.4757642430279054,Robbins
134,SomMoCtx,0.061639808647873905,1.1874099813079313,0.04815878717137012,1.2304195018455764,0.11651396425675772,0.001017216765245313,0.009116182882648169,-0.0008812980381416921,-0.03020311811969868,-8.58564207074795e-05,0.044407712574535844,1711.0,SomMoCtx,0.14648340415037855,11.118447417485562,0.10758065281459851,8.440349855675509,0.1671218431826135,0.021459759338361552,0.4211696964503406,0.026923490036601876,1.2180364622077258,0.01941539589132822,0.722643173598815,Robbins
